{
	"credit": "Made with Blockbench",
	"texture_size": [32, 32],
	"textures": {
		"0": "custom:block/akubra",
		"particle": "custom:block/akubra"
	},
	"elements": [
		{
			"from": [4, -0.45, 13.3],
			"to": [12, 0.55, 14.3],
			"rotation": {"angle": 22.5, "axis": "x", "origin": [8, 0.05, 13.8]},
			"faces": {
				"north": {"uv": [10.5, 10.5, 14.5, 11], "texture": "#0"},
				"east": {"uv": [13, 0.5, 13.5, 1], "texture": "#0"},
				"south": {"uv": [3, 11, 7, 11.5], "texture": "#0"},
				"west": {"uv": [13, 1, 13.5, 1.5], "texture": "#0"},
				"up": {"uv": [11, 11.5, 7, 11], "texture": "#0"},
				"down": {"uv": [15, 9, 11, 9.5], "texture": "#0"}
			}
		},
		{
			"from": [3.5, 0.15358, 12.79022],
			"to": [12.5, 1.15358, 13.79022],
			"rotation": {"angle": 22.5, "axis": "x", "origin": [8, 0.575, 12.5]},
			"faces": {
				"north": {"uv": [9, 7.5, 13.5, 8], "texture": "#0"},
				"east": {"uv": [13, 1.5, 13.5, 2], "texture": "#0"},
				"south": {"uv": [9, 8, 13.5, 8.5], "texture": "#0"},
				"west": {"uv": [13, 2, 13.5, 2.5], "texture": "#0"},
				"up": {"uv": [13.5, 9, 9, 8.5], "texture": "#0"},
				"down": {"uv": [10.5, 9.5, 6, 10], "texture": "#0"}
			}
		},
		{
			"from": [4.5, -1.29519, 13.43986],
			"to": [11.5, -0.29519, 14.43986],
			"rotation": {"angle": 45, "axis": "x", "origin": [8, -1.025, 14.7]},
			"faces": {
				"north": {"uv": [3, 12, 6.5, 12.5], "texture": "#0"},
				"east": {"uv": [13, 2.5, 13.5, 3], "texture": "#0"},
				"south": {"uv": [12, 4, 15.5, 4.5], "texture": "#0"},
				"west": {"uv": [3, 13, 3.5, 13.5], "texture": "#0"},
				"up": {"uv": [15.5, 5, 12, 4.5], "texture": "#0"},
				"down": {"uv": [15.5, 5, 12, 5.5], "texture": "#0"}
			}
		},
		{
			"from": [5.2, 0.8, 4.2],
			"to": [10.8, 1.5, 11.8],
			"rotation": {"angle": 0, "axis": "y", "origin": [0, -0.5, 0]},
			"faces": {
				"north": {"uv": [0, 13, 2.75, 13.25], "texture": "#0"},
				"east": {"uv": [6.5, 12.5, 10.25, 12.75], "texture": "#0"},
				"south": {"uv": [13, 0, 15.75, 0.25], "texture": "#0"},
				"west": {"uv": [10.5, 12.5, 14.25, 12.75], "texture": "#0"},
				"up": {"uv": [2.75, 8.75, 0, 5], "texture": "#0"},
				"down": {"uv": [5.75, 5, 3, 8.75], "texture": "#0"}
			}
		},
		{
			"from": [5.25, 0.75, 4.25],
			"to": [10.75, 4.3, 11.75],
			"rotation": {"angle": 0, "axis": "y", "origin": [7, 0.75, 6]},
			"faces": {
				"north": {"uv": [3, 9.10667, 5.75, 11], "texture": "#0"},
				"east": {"uv": [9, 0.10667, 12.75, 2], "texture": "#0"},
				"south": {"uv": [9, 4.10667, 11.75, 6], "texture": "#0"},
				"west": {"uv": [9, 2.10667, 12.75, 4], "texture": "#0"},
				"up": {"uv": [8.5, 16, 6.5, 13], "texture": "#0"},
				"down": {"uv": [2.75, 9, 0, 12.75], "texture": "#0"}
			}
		},
		{
			"from": [5.25, 4.3, 4.25],
			"to": [10.75, 4.5, 4.55],
			"rotation": {"angle": 0, "axis": "y", "origin": [7, 0.75, 6]},
			"faces": {
				"north": {"uv": [3, 9, 5.75, 9.10667], "texture": "#0"},
				"east": {"uv": [12.6, 0, 12.75, 0.10667], "texture": "#0"},
				"south": {"uv": [9, 4, 11.75, 4.10667], "texture": "#0"},
				"west": {"uv": [9, 2, 9.15, 2.10667], "texture": "#0"},
				"up": {"uv": [8.75, 8.75, 6, 8.6], "texture": "#0"},
				"down": {"uv": [2.75, 12.6, 0, 12.75], "texture": "#0"}
			}
		},
		{
			"from": [5.25, 4.3, 4.55],
			"to": [5.55, 4.5, 11.75],
			"rotation": {"angle": 0, "axis": "y", "origin": [7, 0.75, 6]},
			"faces": {
				"north": {"uv": [5.6, 9, 5.75, 9.10667], "texture": "#0"},
				"east": {"uv": [9, 0, 12.6, 0.10667], "texture": "#0"},
				"south": {"uv": [9, 4, 9.15, 4.10667], "texture": "#0"},
				"west": {"uv": [9.15, 2, 12.75, 2.10667], "texture": "#0"},
				"up": {"uv": [8.75, 8.6, 8.6, 5], "texture": "#0"},
				"down": {"uv": [2.75, 9, 2.6, 12.6], "texture": "#0"}
			}
		},
		{
			"from": [5.55, 4.3, 11.35],
			"to": [10.75, 4.5, 11.75],
			"rotation": {"angle": 0, "axis": "y", "origin": [7, 0.75, 6]},
			"faces": {
				"north": {"uv": [3, 9, 5.6, 9.10667], "texture": "#0"},
				"east": {"uv": [9, 0, 9.2, 0.10667], "texture": "#0"},
				"south": {"uv": [9.15, 4, 11.75, 4.10667], "texture": "#0"},
				"west": {"uv": [12.55, 2, 12.75, 2.10667], "texture": "#0"},
				"up": {"uv": [8.6, 5.2, 6, 5], "texture": "#0"},
				"down": {"uv": [2.6, 9, 0, 9.2], "texture": "#0"}
			}
		},
		{
			"from": [10.45, 4.3, 4.55],
			"to": [10.75, 4.5, 11.35],
			"rotation": {"angle": 0, "axis": "y", "origin": [7, 0.75, 6]},
			"faces": {
				"north": {"uv": [3, 9, 3.15, 9.10667], "texture": "#0"},
				"east": {"uv": [9.2, 0, 12.6, 0.10667], "texture": "#0"},
				"south": {"uv": [11.6, 4, 11.75, 4.10667], "texture": "#0"},
				"west": {"uv": [9.15, 2, 12.55, 2.10667], "texture": "#0"},
				"up": {"uv": [6.15, 8.6, 6, 5.2], "texture": "#0"},
				"down": {"uv": [0.15, 9.2, 0, 12.6], "texture": "#0"}
			}
		},
		{
			"from": [4, -0.45, 1.5],
			"to": [12, 0.55, 2.5],
			"rotation": {"angle": -22.5, "axis": "x", "origin": [8, 0.05, 2]},
			"faces": {
				"north": {"uv": [11, 11, 15, 11.5], "texture": "#0"},
				"east": {"uv": [13, 3, 13.5, 3.5], "texture": "#0"},
				"south": {"uv": [3, 11.5, 7, 12], "texture": "#0"},
				"west": {"uv": [3.5, 13, 4, 13.5], "texture": "#0"},
				"up": {"uv": [11, 12, 7, 11.5], "texture": "#0"},
				"down": {"uv": [15, 11.5, 11, 12], "texture": "#0"}
			}
		},
		{
			"from": [3.5, -0.05, 2.4],
			"to": [12.5, 0.95, 3.4],
			"rotation": {"angle": -22.5, "axis": "x", "origin": [8, 0.45, 2.9]},
			"faces": {
				"north": {"uv": [6, 10, 10.5, 10.5], "texture": "#0"},
				"east": {"uv": [13, 3.5, 13.5, 4], "texture": "#0"},
				"south": {"uv": [6, 10.5, 10.5, 11], "texture": "#0"},
				"west": {"uv": [4, 13, 4.5, 13.5], "texture": "#0"},
				"up": {"uv": [15, 10, 10.5, 9.5], "texture": "#0"},
				"down": {"uv": [15, 10, 10.5, 10.5], "texture": "#0"}
			}
		},
		{
			"from": [4.5, -0.8, 1],
			"to": [11.5, 0.2, 2],
			"rotation": {"angle": -45, "axis": "x", "origin": [8, -0.3, 1.5]},
			"faces": {
				"north": {"uv": [12, 5.5, 15.5, 6], "texture": "#0"},
				"east": {"uv": [4.5, 13, 5, 13.5], "texture": "#0"},
				"south": {"uv": [6.5, 12, 10, 12.5], "texture": "#0"},
				"west": {"uv": [5, 13, 5.5, 13.5], "texture": "#0"},
				"up": {"uv": [13.5, 12.5, 10, 12], "texture": "#0"},
				"down": {"uv": [6.5, 12.5, 3, 13], "texture": "#0"}
			}
		},
		{
			"from": [3.4, 0, 3],
			"to": [12.6, 1, 13],
			"rotation": {"angle": 0, "axis": "y", "origin": [3, 0, 2]},
			"faces": {
				"north": {"uv": [9, 6.5, 13.5, 7], "texture": "#0"},
				"east": {"uv": [6, 9, 11, 9.5], "texture": "#0"},
				"south": {"uv": [9, 7, 13.5, 7.5], "texture": "#0"},
				"west": {"uv": [9, 6, 14, 6.5], "texture": "#0"},
				"up": {"uv": [4.5, 5, 0, 0], "texture": "#0"},
				"down": {"uv": [9, 0, 4.5, 5], "texture": "#0"}
			}
		}
	],
	"display": {
		"thirdperson_righthand": {
			"rotation": [3.39, 46.81, -14.8],
			"translation": [1.25, 7.75, 0],
			"scale": [0.76172, 1, 0.73242]
		},
		"thirdperson_lefthand": {
			"rotation": [3.39, 46.81, -14.8],
			"translation": [1.25, 7.75, 0],
			"scale": [0.76172, 1, 0.73242]
		},
		"firstperson_righthand": {
			"rotation": [3.39, 46.81, -14.8],
			"translation": [1.25, 7.75, 0],
			"scale": [0.76172, 1, 0.73242]
		},
		"firstperson_lefthand": {
			"rotation": [177.55, -10.8, 167.39],
			"translation": [1.25, 7.75, 0],
			"scale": [0.76172, 1, 0.73242]
		},
		"ground": {
			"rotation": [90, 0, 0],
			"translation": [0, 6, 14.25]
		},
		"gui": {
			"rotation": [45.56, 28.76, -22.85],
			"translation": [2.75, 5.75, 0]
		},
		"head": {
			"translation": [0, 17.5, 0],
			"scale": [2.04492, 1.36914, 1.8125]
		},
		"fixed": {
			"rotation": [-90, 0, 0],
			"translation": [0.5, 0.25, -8.5]
		}
	},
	"groups": [
		{
			"name": "group",
			"origin": [8, 8, 8],
			"color": 0,
			"children": [
				{
					"name": "group",
					"origin": [3, 0, 3],
					"color": 0,
					"children": [0, 1, 2]
				},
				3,
				4,
				5,
				6,
				7,
				8,
				{
					"name": "group",
					"origin": [3, 0, 3],
					"color": 0,
					"children": [9, 10, 11]
				},
				12
			]
		}
	]
}