{
	"credit": "Made with Blockbench",
	"texture_size": [32, 32],
	"textures": {
		"0": "custom:block/texture",
		"particle": "custom:block/texture"
	},
	"elements": [
		{
			"from": [10.71462, 0, 4.14321],
			"to": [10.93962, 1, 5.14321],
			"rotation": {"angle": -22.5, "axis": "y", "origin": [11.20337, 0.5, 4.8023]},
			"faces": {
				"north": {"uv": [6, 3, 6.5, 3.5], "texture": "#0"},
				"east": {"uv": [6, 3.5, 6.5, 4], "texture": "#0"},
				"south": {"uv": [6.5, 3, 7, 3.5], "texture": "#0"},
				"west": {"uv": [6.5, 3.5, 7, 4], "texture": "#0"},
				"up": {"uv": [7.5, 3.5, 7, 3], "texture": "#0"},
				"down": {"uv": [7.5, 3.5, 7, 4], "texture": "#0"}
			}
		},
		{
			"from": [10.85693, 0, 5.06836],
			"to": [11.85693, 1, 5.29336],
			"rotation": {"angle": 22.5, "axis": "y", "origin": [11.20337, 0.5, 4.8023]},
			"faces": {
				"north": {"uv": [7.5, 3, 8, 3.5], "texture": "#0"},
				"east": {"uv": [7.5, 3.5, 8, 4], "texture": "#0"},
				"south": {"uv": [8, 6, 8.5, 6.5], "texture": "#0"},
				"west": {"uv": [8, 6.5, 8.5, 7], "texture": "#0"},
				"up": {"uv": [9, 6.5, 8.5, 6], "texture": "#0"},
				"down": {"uv": [9, 6.5, 8.5, 7], "texture": "#0"}
			}
		},
		{
			"from": [10.70665, 0, 4.30155],
			"to": [11.70665, 1, 5.30155],
			"rotation": {"angle": 45, "axis": "y", "origin": [11.20337, 0.5, 4.8023]},
			"faces": {
				"north": {"uv": [9, 6, 9.5, 6.5], "texture": "#0"},
				"east": {"uv": [9, 6.5, 9.5, 7], "texture": "#0"},
				"south": {"uv": [0, 12, 0.5, 12.5], "texture": "#0"},
				"west": {"uv": [0.5, 12, 1, 12.5], "texture": "#0"},
				"up": {"uv": [1.5, 12.5, 1, 12], "texture": "#0"},
				"down": {"uv": [2, 12, 1.5, 12.5], "texture": "#0"}
			}
		},
		{
			"from": [5.06713, 0, 10.8614],
			"to": [5.29213, 1, 11.8614],
			"rotation": {"angle": -22.5, "axis": "y", "origin": [4.80337, 0.5, 11.2023]},
			"faces": {
				"north": {"uv": [2, 12, 2.5, 12.5], "texture": "#0"},
				"east": {"uv": [12, 3, 12.5, 3.5], "texture": "#0"},
				"south": {"uv": [12, 3.5, 12.5, 4], "texture": "#0"},
				"west": {"uv": [12, 4, 12.5, 4.5], "texture": "#0"},
				"up": {"uv": [12.5, 5, 12, 4.5], "texture": "#0"},
				"down": {"uv": [12.5, 5, 12, 5.5], "texture": "#0"}
			}
		},
		{
			"from": [4.14982, 0, 10.71125],
			"to": [5.14982, 1, 10.93625],
			"rotation": {"angle": 22.5, "axis": "y", "origin": [4.80337, 0.5, 11.2023]},
			"faces": {
				"north": {"uv": [12, 6, 12.5, 6.5], "texture": "#0"},
				"east": {"uv": [12, 6.5, 12.5, 7], "texture": "#0"},
				"south": {"uv": [12, 7, 12.5, 7.5], "texture": "#0"},
				"west": {"uv": [12, 7.5, 12.5, 8], "texture": "#0"},
				"up": {"uv": [12.5, 8.5, 12, 8], "texture": "#0"},
				"down": {"uv": [12.5, 8.5, 12, 9], "texture": "#0"}
			}
		},
		{
			"from": [4.30413, 0, 10.70558],
			"to": [5.30413, 1, 11.70558],
			"rotation": {"angle": -45, "axis": "y", "origin": [4.80337, 0.5, 11.2023]},
			"faces": {
				"north": {"uv": [12, 9, 12.5, 9.5], "texture": "#0"},
				"east": {"uv": [12, 9.5, 12.5, 10], "texture": "#0"},
				"south": {"uv": [12, 10, 12.5, 10.5], "texture": "#0"},
				"west": {"uv": [12, 10.5, 12.5, 11], "texture": "#0"},
				"up": {"uv": [12.5, 11.5, 12, 11], "texture": "#0"},
				"down": {"uv": [12.5, 11.5, 12, 12], "texture": "#0"}
			}
		},
		{
			"from": [10.86247, 0, 10.71355],
			"to": [11.86247, 1, 10.93855],
			"rotation": {"angle": -22.5, "axis": "y", "origin": [11.20337, 0.5, 11.2023]},
			"faces": {
				"north": {"uv": [12, 12, 12.5, 12.5], "texture": "#0"},
				"east": {"uv": [0, 12.5, 0.5, 13], "texture": "#0"},
				"south": {"uv": [0.5, 12.5, 1, 13], "texture": "#0"},
				"west": {"uv": [1, 12.5, 1.5, 13], "texture": "#0"},
				"up": {"uv": [2, 13, 1.5, 12.5], "texture": "#0"},
				"down": {"uv": [2.5, 12.5, 2, 13], "texture": "#0"}
			}
		},
		{
			"from": [10.71232, 0, 10.85586],
			"to": [10.93732, 1, 11.85586],
			"rotation": {"angle": 22.5, "axis": "y", "origin": [11.20337, 0.5, 11.2023]},
			"faces": {
				"north": {"uv": [2.5, 12.5, 3, 13], "texture": "#0"},
				"east": {"uv": [3, 12.5, 3.5, 13], "texture": "#0"},
				"south": {"uv": [12.5, 3, 13, 3.5], "texture": "#0"},
				"west": {"uv": [3.5, 12.5, 4, 13], "texture": "#0"},
				"up": {"uv": [13, 4, 12.5, 3.5], "texture": "#0"},
				"down": {"uv": [4.5, 12.5, 4, 13], "texture": "#0"}
			}
		},
		{
			"from": [10.70413, 0, 10.70558],
			"to": [11.70413, 1, 11.70558],
			"rotation": {"angle": 45, "axis": "y", "origin": [11.20337, 0.5, 11.2023]},
			"faces": {
				"north": {"uv": [12.5, 4, 13, 4.5], "texture": "#0"},
				"east": {"uv": [12.5, 4.5, 13, 5], "texture": "#0"},
				"south": {"uv": [12.5, 5, 13, 5.5], "texture": "#0"},
				"west": {"uv": [12.5, 6, 13, 6.5], "texture": "#0"},
				"up": {"uv": [13, 7, 12.5, 6.5], "texture": "#0"},
				"down": {"uv": [13, 7, 12.5, 7.5], "texture": "#0"}
			}
		},
		{
			"from": [3.82574, 0, 4.83995],
			"to": [4.82574, 1, 5.06495],
			"rotation": {"angle": -22.5, "axis": "y", "origin": [4.07574, 0.5, 5.48995]},
			"faces": {
				"north": {"uv": [12.5, 7.5, 13, 8], "texture": "#0"},
				"east": {"uv": [12.5, 8, 13, 8.5], "texture": "#0"},
				"south": {"uv": [12.5, 8.5, 13, 9], "texture": "#0"},
				"west": {"uv": [12.5, 9, 13, 9.5], "texture": "#0"},
				"up": {"uv": [13, 10, 12.5, 9.5], "texture": "#0"},
				"down": {"uv": [13, 10, 12.5, 10.5], "texture": "#0"}
			}
		},
		{
			"from": [4.83258, 0, 4.06516],
			"to": [5.05758, 1, 5.06516],
			"rotation": {"angle": 22.5, "axis": "y", "origin": [4.89508, 0.5, 4.16516]},
			"faces": {
				"north": {"uv": [12.5, 10.5, 13, 11], "texture": "#0"},
				"east": {"uv": [12.5, 11, 13, 11.5], "texture": "#0"},
				"south": {"uv": [12.5, 11.5, 13, 12], "texture": "#0"},
				"west": {"uv": [12, 12.5, 12.5, 13], "texture": "#0"},
				"up": {"uv": [13, 12.5, 12.5, 12], "texture": "#0"},
				"down": {"uv": [13, 12.5, 12.5, 13], "texture": "#0"}
			}
		},
		{
			"from": [4, 0, 4.425],
			"to": [5, 1, 5.425],
			"rotation": {"angle": 45, "axis": "y", "origin": [4.5, 0.5, 4.5]},
			"faces": {
				"north": {"uv": [0, 13, 0.5, 13.5], "texture": "#0"},
				"east": {"uv": [0.5, 13, 1, 13.5], "texture": "#0"},
				"south": {"uv": [1, 13, 1.5, 13.5], "texture": "#0"},
				"west": {"uv": [1.5, 13, 2, 13.5], "texture": "#0"},
				"up": {"uv": [2.5, 13.5, 2, 13], "texture": "#0"},
				"down": {"uv": [3, 13, 2.5, 13.5], "texture": "#0"}
			}
		},
		{
			"from": [5, 0, 4],
			"to": [11, 1, 12],
			"faces": {
				"north": {"uv": [10.5, 1, 13.5, 1.5], "texture": "#0"},
				"east": {"uv": [4.5, 10, 8.5, 10.5], "texture": "#0"},
				"south": {"uv": [10.5, 1.5, 13.5, 2], "texture": "#0"},
				"west": {"uv": [10, 5.5, 14, 6], "texture": "#0"},
				"up": {"uv": [3, 4, 0, 0], "texture": "#0"},
				"down": {"uv": [6, 0, 3, 4], "texture": "#0"}
			}
		},
		{
			"from": [4, 0, 5],
			"to": [12, 1, 11],
			"faces": {
				"north": {"uv": [10.5, 0, 14.5, 0.5], "texture": "#0"},
				"east": {"uv": [10.5, 2, 13.5, 2.5], "texture": "#0"},
				"south": {"uv": [10.5, 0.5, 14.5, 1], "texture": "#0"},
				"west": {"uv": [10.5, 2.5, 13.5, 3], "texture": "#0"},
				"up": {"uv": [4, 7, 0, 4], "texture": "#0"},
				"down": {"uv": [8, 4, 4, 7], "texture": "#0"}
			}
		},
		{
			"from": [5.65, 1, 5.65],
			"to": [6.35, 7, 6.625],
			"rotation": {"angle": 45, "axis": "y", "origin": [6, 1.5, 6]},
			"faces": {
				"north": {"uv": [8.5, 10, 9, 13], "texture": "#0"},
				"east": {"uv": [9, 10, 9.5, 13], "texture": "#0"},
				"south": {"uv": [4.5, 10.5, 5, 13.5], "texture": "#0"},
				"west": {"uv": [5, 10.5, 5.5, 13.5], "texture": "#0"},
				"up": {"uv": [3.5, 13.5, 3, 13], "texture": "#0"},
				"down": {"uv": [13.5, 3, 13, 3.5], "texture": "#0"}
			}
		},
		{
			"from": [5.215, 1, 9.95776],
			"to": [6.165, 7, 10.68276],
			"rotation": {"angle": 45, "axis": "y", "origin": [5.39012, 1.5, 9.63276]},
			"faces": {
				"north": {"uv": [5.5, 10.5, 6, 13.5], "texture": "#0"},
				"east": {"uv": [6, 10.5, 6.5, 13.5], "texture": "#0"},
				"south": {"uv": [6.5, 10.5, 7, 13.5], "texture": "#0"},
				"west": {"uv": [7, 10.5, 7.5, 13.5], "texture": "#0"},
				"up": {"uv": [4, 13.5, 3.5, 13], "texture": "#0"},
				"down": {"uv": [13.5, 3.5, 13, 4], "texture": "#0"}
			}
		},
		{
			"from": [9.60594, 1, 9.84435],
			"to": [10.50594, 7, 10.56935],
			"rotation": {"angle": -45, "axis": "y", "origin": [10.33094, 1.5, 9.90685]},
			"faces": {
				"north": {"uv": [7.5, 10.5, 8, 13.5], "texture": "#0"},
				"east": {"uv": [8, 10.5, 8.5, 13.5], "texture": "#0"},
				"south": {"uv": [9.5, 11, 10, 14], "texture": "#0"},
				"west": {"uv": [10, 11, 10.5, 14], "texture": "#0"},
				"up": {"uv": [4.5, 13.5, 4, 13], "texture": "#0"},
				"down": {"uv": [13.5, 4, 13, 4.5], "texture": "#0"}
			}
		},
		{
			"from": [9.22436, 1, 5.59439],
			"to": [10.12436, 7, 6.31939],
			"rotation": {"angle": 45, "axis": "y", "origin": [9.92436, 1.5, 5.68189]},
			"faces": {
				"north": {"uv": [10.5, 11, 11, 14], "texture": "#0"},
				"east": {"uv": [11, 11, 11.5, 14], "texture": "#0"},
				"south": {"uv": [11.5, 6, 12, 9], "texture": "#0"},
				"west": {"uv": [11.5, 11, 12, 14], "texture": "#0"},
				"up": {"uv": [13.5, 5, 13, 4.5], "texture": "#0"},
				"down": {"uv": [13.5, 5, 13, 5.5], "texture": "#0"}
			}
		},
		{
			"from": [5.5, 1, 6],
			"to": [10.5, 7, 10],
			"faces": {
				"north": {"uv": [6, 0, 8.5, 3], "texture": "#0"},
				"east": {"uv": [7.5, 7, 9.5, 10], "texture": "#0"},
				"south": {"uv": [0, 7, 2.5, 10], "texture": "#0"},
				"west": {"uv": [8, 3, 10, 6], "texture": "#0"},
				"up": {"uv": [12, 11, 9.5, 9], "texture": "#0"},
				"down": {"uv": [2.5, 10, 0, 12], "texture": "#0"}
			}
		},
		{
			"from": [6, 1, 5.5],
			"to": [10, 7, 10.5],
			"rotation": {"angle": 0, "axis": "y", "origin": [8, 1.5, 8]},
			"faces": {
				"north": {"uv": [8.5, 0, 10.5, 3], "texture": "#0"},
				"east": {"uv": [2.5, 7, 5, 10], "texture": "#0"},
				"south": {"uv": [9.5, 6, 11.5, 9], "texture": "#0"},
				"west": {"uv": [5, 7, 7.5, 10], "texture": "#0"},
				"up": {"uv": [4.5, 12.5, 2.5, 10], "texture": "#0"},
				"down": {"uv": [12, 3, 10, 5.5], "texture": "#0"}
			}
		}
	],
	"display": {
		"thirdperson_righthand": {
			"translation": [0, 6.75, 1],
			"scale": [0.86719, 0.86719, 0.86719]
		},
		"thirdperson_lefthand": {
			"translation": [0, 6.75, 1],
			"scale": [0.86719, 0.86719, 0.86719]
		},
		"firstperson_righthand": {
			"translation": [0, 6.75, 1],
			"scale": [0.86719, 0.86719, 0.86719]
		},
		"firstperson_lefthand": {
			"translation": [0, 6.75, 1],
			"scale": [0.86719, 0.86719, 0.86719]
		},
		"ground": {
			"translation": [0, 4, 0],
			"scale": [0.86719, 0.86719, 0.86719]
		},
		"gui": {
			"rotation": [19, 24, 0],
			"translation": [0, 5.75, 0],
			"scale": [1.25, 1.25, 1.25]
		},
		"head": {
			"translation": [0, 23, 0],
			"scale": [2.1875, 2.1875, 2.1875]
		},
		"fixed": {
			"translation": [0, 5.25, 0.75],
			"scale": [1.23633, 1.23633, 1.23633]
		}
	},
	"groups": [
		{
			"name": "group",
			"origin": [8, 8, 8],
			"color": 0,
			"nbt": "{}",
			"children": [
				{
					"name": "group",
					"origin": [8, 8, 8],
					"color": 0,
					"nbt": "{}",
					"children": [0, 1, 2]
				},
				{
					"name": "group",
					"origin": [8, 8, 8],
					"color": 0,
					"nbt": "{}",
					"children": [3, 4, 5]
				},
				{
					"name": "group",
					"origin": [8, 8, 8],
					"color": 0,
					"nbt": "{}",
					"children": [6, 7, 8]
				},
				{
					"name": "group",
					"origin": [8, 8, 8],
					"color": 0,
					"nbt": "{}",
					"children": [9, 10, 11]
				},
				12,
				13
			]
		},
		{
			"name": "group",
			"origin": [8, 8, 8],
			"color": 0,
			"nbt": "{}",
			"children": [
				{
					"name": "group",
					"origin": [8, 8, 8],
					"color": 0,
					"nbt": "{}",
					"children": [14, 15, 16, 17]
				},
				18,
				19
			]
		}
	]
}