{
	"credit": "Made with Blockbench",
	"texture_size": [32, 32],
	"textures": {
		"0": "custom:block/warden_helmet",
		"particle": "custom:block/warden_helmet"
	},
	"elements": [
		{
			"from": [3, 0, 3],
			"to": [13, 10, 13],
			"faces": {
				"north": {"uv": [0, 0, 5, 5], "texture": "#0"},
				"east": {"uv": [0, 5, 5, 10], "texture": "#0"},
				"south": {"uv": [5, 0, 10, 5], "texture": "#0"},
				"west": {"uv": [5, 5, 10, 10], "texture": "#0"},
				"up": {"uv": [5, 15, 0, 10], "texture": "#0"},
				"down": {"uv": [15, 0, 10, 5], "texture": "#0"}
			}
		},
		{
			"from": [22.05, 4, -4.4],
			"to": [23.05, 7, -3.4],
			"rotation": {"angle": -45, "axis": "y", "origin": [0, 0, 0]},
			"faces": {
				"north": {"uv": [8, 10, 8.5, 11.5], "texture": "#0"},
				"east": {"uv": [8.5, 10, 9, 11.5], "texture": "#0"},
				"south": {"uv": [9, 10, 9.5, 11.5], "texture": "#0"},
				"west": {"uv": [10, 9, 10.5, 10.5], "texture": "#0"},
				"up": {"uv": [13.5, 9.5, 13, 9], "texture": "#0"},
				"down": {"uv": [10, 13, 9.5, 13.5], "texture": "#0"}
			}
		},
		{
			"from": [14.05, 5, -4.4],
			"to": [15.05, 8, -3.4],
			"rotation": {"angle": -45, "axis": "y", "origin": [0, 0, 0]},
			"faces": {
				"north": {"uv": [9.5, 10, 10, 11.5], "texture": "#0"},
				"east": {"uv": [10.5, 5, 11, 6.5], "texture": "#0"},
				"south": {"uv": [10.5, 6.5, 11, 8], "texture": "#0"},
				"west": {"uv": [10.5, 8, 11, 9.5], "texture": "#0"},
				"up": {"uv": [13.5, 10, 13, 9.5], "texture": "#0"},
				"down": {"uv": [10.5, 13, 10, 13.5], "texture": "#0"}
			}
		},
		{
			"from": [15.05, 5, -4.4],
			"to": [16.05, 7, -3.4],
			"rotation": {"angle": -45, "axis": "y", "origin": [0, 0, 0]},
			"faces": {
				"north": {"uv": [11.5, 11, 12, 12], "texture": "#0"},
				"east": {"uv": [5, 12, 5.5, 13], "texture": "#0"},
				"south": {"uv": [12, 5, 12.5, 6], "texture": "#0"},
				"west": {"uv": [5.5, 12, 6, 13], "texture": "#0"},
				"up": {"uv": [13.5, 10.5, 13, 10], "texture": "#0"},
				"down": {"uv": [13.5, 10.5, 13, 11], "texture": "#0"}
			}
		},
		{
			"from": [16.05, 4, -4.4],
			"to": [17.05, 6, -3.4],
			"rotation": {"angle": -45, "axis": "y", "origin": [0, 0, 0]},
			"faces": {
				"north": {"uv": [6, 12, 6.5, 13], "texture": "#0"},
				"east": {"uv": [12, 6, 12.5, 7], "texture": "#0"},
				"south": {"uv": [6.5, 12, 7, 13], "texture": "#0"},
				"west": {"uv": [7, 12, 7.5, 13], "texture": "#0"},
				"up": {"uv": [13.5, 11.5, 13, 11], "texture": "#0"},
				"down": {"uv": [12, 13, 11.5, 13.5], "texture": "#0"}
			}
		},
		{
			"from": [17.05, 4, -4.4],
			"to": [18.05, 6, -3.4],
			"rotation": {"angle": -45, "axis": "y", "origin": [0, 0, 0]},
			"faces": {
				"north": {"uv": [12, 7, 12.5, 8], "texture": "#0"},
				"east": {"uv": [7.5, 12, 8, 13], "texture": "#0"},
				"south": {"uv": [12, 8, 12.5, 9], "texture": "#0"},
				"west": {"uv": [12, 9, 12.5, 10], "texture": "#0"},
				"up": {"uv": [13.5, 12, 13, 11.5], "texture": "#0"},
				"down": {"uv": [12.5, 13, 12, 13.5], "texture": "#0"}
			}
		},
		{
			"from": [18.05, 3, -4.4],
			"to": [19.05, 7, -3.4],
			"rotation": {"angle": -45, "axis": "y", "origin": [0, 0, 0]},
			"faces": {
				"north": {"uv": [5, 10, 5.5, 12], "texture": "#0"},
				"east": {"uv": [10, 5, 10.5, 7], "texture": "#0"},
				"south": {"uv": [5.5, 10, 6, 12], "texture": "#0"},
				"west": {"uv": [6, 10, 6.5, 12], "texture": "#0"},
				"up": {"uv": [13.5, 12.5, 13, 12], "texture": "#0"},
				"down": {"uv": [13, 13, 12.5, 13.5], "texture": "#0"}
			}
		},
		{
			"from": [19.05, 5, -4.4],
			"to": [20.05, 7, -3.4],
			"rotation": {"angle": -45, "axis": "y", "origin": [0, 0, 0]},
			"faces": {
				"north": {"uv": [10, 12, 10.5, 13], "texture": "#0"},
				"east": {"uv": [12, 10, 12.5, 11], "texture": "#0"},
				"south": {"uv": [12, 11, 12.5, 12], "texture": "#0"},
				"west": {"uv": [11.5, 12, 12, 13], "texture": "#0"},
				"up": {"uv": [13.5, 13, 13, 12.5], "texture": "#0"},
				"down": {"uv": [13.5, 13, 13, 13.5], "texture": "#0"}
			}
		},
		{
			"from": [20.05, 6, -4.4],
			"to": [21.05, 8, -3.4],
			"rotation": {"angle": -45, "axis": "y", "origin": [0, 0, 0]},
			"faces": {
				"north": {"uv": [12, 12, 12.5, 13], "texture": "#0"},
				"east": {"uv": [12.5, 5, 13, 6], "texture": "#0"},
				"south": {"uv": [12.5, 6, 13, 7], "texture": "#0"},
				"west": {"uv": [12.5, 7, 13, 8], "texture": "#0"},
				"up": {"uv": [14, 5.5, 13.5, 5], "texture": "#0"},
				"down": {"uv": [14, 5.5, 13.5, 6], "texture": "#0"}
			}
		},
		{
			"from": [21.05, 5, -4.4],
			"to": [22.05, 8, -3.4],
			"rotation": {"angle": -45, "axis": "y", "origin": [0, 0, 0]},
			"faces": {
				"north": {"uv": [10.5, 9.5, 11, 11], "texture": "#0"},
				"east": {"uv": [10, 10.5, 10.5, 12], "texture": "#0"},
				"south": {"uv": [11, 5, 11.5, 6.5], "texture": "#0"},
				"west": {"uv": [11, 6.5, 11.5, 8], "texture": "#0"},
				"up": {"uv": [14, 6.5, 13.5, 6], "texture": "#0"},
				"down": {"uv": [14, 6.5, 13.5, 7], "texture": "#0"}
			}
		},
		{
			"from": [-11.85, 4, 7],
			"to": [-10.85, 7, 8],
			"rotation": {"angle": 45, "axis": "y", "origin": [0, 0, 0]},
			"faces": {
				"north": {"uv": [11, 8, 11.5, 9.5], "texture": "#0"},
				"east": {"uv": [11, 9.5, 11.5, 11], "texture": "#0"},
				"south": {"uv": [10.5, 11, 11, 12.5], "texture": "#0"},
				"west": {"uv": [11, 11, 11.5, 12.5], "texture": "#0"},
				"up": {"uv": [14, 7.5, 13.5, 7], "texture": "#0"},
				"down": {"uv": [14, 7.5, 13.5, 8], "texture": "#0"}
			}
		},
		{
			"from": [-3.85, 5, 7],
			"to": [-2.85, 8, 8],
			"rotation": {"angle": 45, "axis": "y", "origin": [0, 0, 0]},
			"faces": {
				"north": {"uv": [11.5, 5, 12, 6.5], "texture": "#0"},
				"east": {"uv": [11.5, 6.5, 12, 8], "texture": "#0"},
				"south": {"uv": [8, 11.5, 8.5, 13], "texture": "#0"},
				"west": {"uv": [11.5, 8, 12, 9.5], "texture": "#0"},
				"up": {"uv": [14, 8.5, 13.5, 8], "texture": "#0"},
				"down": {"uv": [14, 8.5, 13.5, 9], "texture": "#0"}
			}
		},
		{
			"from": [-4.85, 5, 7],
			"to": [-3.85, 7, 8],
			"rotation": {"angle": 45, "axis": "y", "origin": [0, 0, 0]},
			"faces": {
				"north": {"uv": [12.5, 8, 13, 9], "texture": "#0"},
				"east": {"uv": [12.5, 9, 13, 10], "texture": "#0"},
				"south": {"uv": [12.5, 10, 13, 11], "texture": "#0"},
				"west": {"uv": [10.5, 12.5, 11, 13.5], "texture": "#0"},
				"up": {"uv": [14, 9.5, 13.5, 9], "texture": "#0"},
				"down": {"uv": [10, 13.5, 9.5, 14], "texture": "#0"}
			}
		},
		{
			"from": [-5.85, 4, 7],
			"to": [-4.85, 6, 8],
			"rotation": {"angle": 45, "axis": "y", "origin": [0, 0, 0]},
			"faces": {
				"north": {"uv": [11, 12.5, 11.5, 13.5], "texture": "#0"},
				"east": {"uv": [12.5, 11, 13, 12], "texture": "#0"},
				"south": {"uv": [12.5, 12, 13, 13], "texture": "#0"},
				"west": {"uv": [5, 13, 5.5, 14], "texture": "#0"},
				"up": {"uv": [14, 10, 13.5, 9.5], "texture": "#0"},
				"down": {"uv": [10.5, 13.5, 10, 14], "texture": "#0"}
			}
		},
		{
			"from": [-6.85, 4, 7],
			"to": [-5.85, 6, 8],
			"rotation": {"angle": 45, "axis": "y", "origin": [0, 0, 0]},
			"faces": {
				"north": {"uv": [13, 5, 13.5, 6], "texture": "#0"},
				"east": {"uv": [5.5, 13, 6, 14], "texture": "#0"},
				"south": {"uv": [6, 13, 6.5, 14], "texture": "#0"},
				"west": {"uv": [13, 6, 13.5, 7], "texture": "#0"},
				"up": {"uv": [14, 10.5, 13.5, 10], "texture": "#0"},
				"down": {"uv": [11, 13.5, 10.5, 14], "texture": "#0"}
			}
		},
		{
			"from": [-7.85, 3, 7],
			"to": [-6.85, 7, 8],
			"rotation": {"angle": 45, "axis": "y", "origin": [0, 0, 0]},
			"faces": {
				"north": {"uv": [6.5, 10, 7, 12], "texture": "#0"},
				"east": {"uv": [7, 10, 7.5, 12], "texture": "#0"},
				"south": {"uv": [10, 7, 10.5, 9], "texture": "#0"},
				"west": {"uv": [7.5, 10, 8, 12], "texture": "#0"},
				"up": {"uv": [14, 11, 13.5, 10.5], "texture": "#0"},
				"down": {"uv": [11.5, 13.5, 11, 14], "texture": "#0"}
			}
		},
		{
			"from": [-8.85, 5, 7],
			"to": [-7.85, 7, 8],
			"rotation": {"angle": 45, "axis": "y", "origin": [0, 0, 0]},
			"faces": {
				"north": {"uv": [6.5, 13, 7, 14], "texture": "#0"},
				"east": {"uv": [7, 13, 7.5, 14], "texture": "#0"},
				"south": {"uv": [13, 7, 13.5, 8], "texture": "#0"},
				"west": {"uv": [7.5, 13, 8, 14], "texture": "#0"},
				"up": {"uv": [14, 11.5, 13.5, 11], "texture": "#0"},
				"down": {"uv": [12, 13.5, 11.5, 14], "texture": "#0"}
			}
		},
		{
			"from": [-9.85, 6, 7],
			"to": [-8.85, 8, 8],
			"rotation": {"angle": 45, "axis": "y", "origin": [0, 0, 0]},
			"faces": {
				"north": {"uv": [8, 13, 8.5, 14], "texture": "#0"},
				"east": {"uv": [13, 8, 13.5, 9], "texture": "#0"},
				"south": {"uv": [8.5, 13, 9, 14], "texture": "#0"},
				"west": {"uv": [9, 13, 9.5, 14], "texture": "#0"},
				"up": {"uv": [14, 12, 13.5, 11.5], "texture": "#0"},
				"down": {"uv": [12.5, 13.5, 12, 14], "texture": "#0"}
			}
		},
		{
			"from": [-10.85, 5, 7],
			"to": [-9.85, 8, 8],
			"rotation": {"angle": 45, "axis": "y", "origin": [0, 0, 0]},
			"faces": {
				"north": {"uv": [8.5, 11.5, 9, 13], "texture": "#0"},
				"east": {"uv": [9, 11.5, 9.5, 13], "texture": "#0"},
				"south": {"uv": [9.5, 11.5, 10, 13], "texture": "#0"},
				"west": {"uv": [11.5, 9.5, 12, 11], "texture": "#0"},
				"up": {"uv": [14, 12.5, 13.5, 12], "texture": "#0"},
				"down": {"uv": [13, 13.5, 12.5, 14], "texture": "#0"}
			}
		}
	],
	"display": {
		"thirdperson_righthand": {
			"translation": [0, 3.25, 1.5],
			"scale": [0.5, 0.5, 0.5]
		},
		"thirdperson_lefthand": {
			"translation": [0, 3.25, 1.5],
			"scale": [0.5, 0.5, 0.5]
		},
		"firstperson_righthand": {
			"translation": [0, 3.25, 1.5],
			"scale": [0.5, 0.5, 0.5]
		},
		"firstperson_lefthand": {
			"translation": [0, 3.25, 1.5],
			"scale": [0.5, 0.5, 0.5]
		},
		"ground": {
			"translation": [0, 2, 0],
			"scale": [0.5, 0.5, 0.5]
		},
		"gui": {
			"rotation": [11, -165, 0],
			"translation": [0.25, 2.5, 0],
			"scale": [0.87, 0.87, 0.87]
		},
		"head": {
			"translation": [0, 4.5, 0],
			"scale": [1.5, 1.5, 1.5]
		},
		"fixed": {
			"translation": [0, 3, 0]
		}
	},
	"groups": [
		0,
		{
			"name": "group",
			"origin": [0, 0, 0],
			"color": 0,
			"children": [1, 2, 3, 4, 5, 6, 7, 8, 9]
		},
		{
			"name": "group",
			"origin": [8, 8, 8],
			"color": 0,
			"children": [10, 11, 12, 13, 14, 15, 16, 17, 18]
		}
	]
}