{
	"credit": "Made with Blockbench",
	"textures": {
		"0": "punching",
		"particle": "punching"
	},
	"elements": [
		{
			"from": [6, 0, 5],
			"to": [10, 4, 9],
			"faces": {
				"north": {"uv": [0, 0, 4, 4], "texture": "#0"},
				"east": {"uv": [0, 4, 4, 8], "texture": "#0"},
				"south": {"uv": [4, 0, 8, 4], "texture": "#0"},
				"west": {"uv": [4, 4, 8, 8], "texture": "#0"},
				"up": {"uv": [4, 12, 0, 8], "texture": "#0"},
				"down": {"uv": [12, 0, 8, 4], "texture": "#0"}
			}
		}
	],
	"display": {
		"thirdperson_righthand": {
			"rotation": [-90, 0, 0],
			"translation": [0, -0.75, -8],
			"scale": [1.25, 1.25, 1.25]
		},
		"thirdperson_lefthand": {
			"rotation": [-90, 180, 0],
			"translation": [0, -3.25, -8],
			"scale": [1.25, 1.25, 1.25]
		},
		"firstperson_righthand": {
			"rotation": [0, 90, 0],
			"translation": [1, 7.5, 2.25],
			"scale": [1.25, 1.25, 1.25]
		},
		"firstperson_lefthand": {
			"rotation": [0, 90, 0],
			"translation": [1, 7, 1.5],
			"scale": [1.25, 1.25, 1.25]
		},
		"ground": {
			"translation": [0, 6, 0]
		}
	}
}