{
  "model": {
    "type": "minecraft:range_dispatch",
    "property": "minecraft:custom_model_data",
    "index": 0,
    "fallback": {
      "type": "minecraft:model",
      "model": "minecraft:item/carver_pumpkin"
    },
    "entries": [
      {
        "model": {
          "type": "minecraft:model",
          "model": "custom:block/top_hat"
        },
        "threshold": 1
      },
      {
        "model": {
          "type": "minecraft:model",
          "model": "custom:block/top_hat"
        },
        "threshold": 2
      }
    ]
  }
}